cuisine_description,cuisine
romaine lettuce black olives grape tomatoes garlic pepper purple onion seasoning garbanzo beans feta cheese crumbles,greek
plain flour ground pepper salt tomatoes ground black pepper thyme eggs green tomatoes yellow corn meal milk vegetable oil,southern_us
eggs pepper salt mayonaise cooking oil green chilies grilled chicken breasts garlic powder yellow onion soy sauce butter chicken livers,filipino
water vegetable oil wheat salt,indian
black pepper shallots cornflour cayenne pepper onions garlic paste milk butter salt lemon juice water chili powder passata oil ground cumin boneless chicken skinless thigh garam masala double cream natural yogurt bay leaf,indian
plain flour sugar butter eggs fresh ginger root salt ground cinnamon milk vanilla extract ground ginger powdered sugar baking powder,jamaican
olive oil salt medium shrimp pepper garlic chopped cilantro jalapeno chilies flat leaf parsley skirt steak white vinegar sea salt bay leaf chorizo sausage,spanish
sugar pistachio nuts white almond bark flour vanilla extract olive oil almond extract eggs baking powder dried cranberries,italian
olive oil purple onion fresh pineapple pork poblano peppers corn tortillas cheddar cheese ground black pepper salt iceberg lettuce lime jalapeno chilies chopped cilantro fresh,mexican
chopped tomatoes fresh basil garlic extra-virgin olive oil kosher salt flat leaf parsley,italian
pimentos sweet pepper dried oregano olive oil garlic sharp cheddar cheese pepper swiss cheese provolone cheese canola oil mushrooms black olives sausages,italian
low sodium soy sauce fresh ginger dry mustard green beans white pepper sesame oil scallions canola oil sugar shaoxing wine garlic ground turkey water crushed red pepper flakes corn starch,chinese
italian parsley leaves walnuts hot red pepper flakes extra-virgin olive oil fresh lemon juice trout fillet garlic cloves chipotle chile fine sea salt flat leaf parsley,italian
ground cinnamon fresh cilantro chili powder ground coriander kosher salt ground black pepper garlic plum tomatoes avocado lime juice flank steak salt ground cumin black pepper olive oil crushed red pepper flakes onions,mexican
fresh parmesan cheese butter all-purpose flour fat free less sodium chicken broth chopped fresh chives gruyere cheese ground black pepper bacon slices gnocchi fat free milk cooking spray salt,italian
tumeric vegetable stock tomatoes garam masala naan red lentils red chili peppers onions spinach sweet potatoes,indian
greek yogurt lemon curd confectioners sugar raspberries,british
italian seasoning broiler-fryer chicken mayonaise zesty italian dressing,italian
sugar hot chili asian fish sauce lime juice,thai
soy sauce vegetable oil red bell pepper chicken broth yellow squash garlic chili sauce sliced green onions broccolini salt fresh lime juice cooked rice chicken breasts corn starch,vietnamese
pork loin roasted peanuts chopped cilantro fresh hoisin sauce creamy peanut butter chopped fresh mint thai basil rice medium shrimp water rice noodles beansprouts,thai
roma tomatoes kosher salt purple onion jalapeno chilies lime chopped cilantro,mexican
low-fat mayonnaise pepper salt baking potatoes eggs spicy brown mustard,southern_us
sesame seeds red pepper yellow peppers water extra firm tofu broccoli soy sauce orange bell pepper arrowroot powder fresh ginger sesame oil red curry paste,chinese
marinara sauce flat leaf parsley olive oil linguine capers crushed red pepper flakes olives lemon zest garlic,italian
sugar lo mein noodles salt chicken broth light soy sauce flank steak beansprouts dried black mushrooms pepper chives oyster sauce dark soy sauce peanuts sesame oil cabbage,chinese
herbs lemon juice fresh tomatoes paprika mango stock chile pepper onions red chili peppers oil,cajun_creole
ground black pepper butter sliced mushrooms sherry salt grated parmesan cheese heavy cream spaghetti chicken broth cooked chicken all-purpose flour,italian
green bell pepper egg roll wrappers sweet and sour sauce corn starch molasses vegetable oil oil soy sauce shredded cabbage garlic onions fresh ginger root ground pork carrots,chinese
flour tortillas cheese breakfast sausages large eggs,mexican
yellow corn meal boiling water butter fresh parmesan cheese sea salt,italian
chicken broth chicken breasts hot sauce red bell pepper potatoes bacon garlic cloves fresh parsley andouille sausage cajun seasoning peanut oil celery ground red pepper all-purpose flour shrimp onions,cajun_creole
chili powder crushed red pepper flakes garlic powder sea salt ground cumin onion powder dried oregano ground black pepper paprika,mexican
eggs shallots firm tofu beansprouts turnips palm sugar vegetable oil garlic cloves sliced chicken fish sauce lime wedges roasted peanuts green papaya chile powder ground black pepper tamarind paste chinese chives,thai
olive oil onions crushed garlic dried oregano green onions white sugar dried basil diced tomatoes,italian
olive oil diced tomatoes johnsonville andouille dinner sausage parsley shrimp jambalaya rice mix worcestershire sauce hot pepper sauce creole seasoning,cajun_creole
olive oil bread slices great northern beans garlic cloves pepper shrimp sage leaves salt,italian
chicken broth cooking oil chinese five-spice powder ground black pepper salt sugar crushed garlic chicken thighs soy sauce star anise,filipino
green onions cream cheese shredded cheddar cheese cayenne pepper chili powder garlic cloves black-eyed peas tortilla chips,southern_us
collard greens extra-virgin olive oil ham hock chicken stock apple cider freshly ground pepper chile powder bay leaves salt rib light brown sugar large garlic cloves cayenne pepper onions,southern_us
oscar mayer deli fresh smoked ham hoagie rolls salami giardiniera mozzarella cheese pepperoni butter italian seasoning,italian
ice cubes club soda white rum lime turbinado,brazilian
cooked chicken enchilada sauce sliced green onions picante sauce green pepper corn tortillas canned black beans shredded lettuce sour cream shredded cheddar cheese garlic cloves canola oil,mexican
salmon fillets shallots cumin seed fresh cilantro salt curry powder vegetable oil serrano chile fresh ginger sauce,indian
tomatoes chicken breast halves chopped cilantro fresh white vinegar jalapeno chilies salt black pepper vegetable oil avocado lettuce leaves chopped onion,mexican
eggs mandarin oranges water orange liqueur yellow cake mix frosting vegetable oil white sugar,chinese
sugar salt fennel bulb water lemon olive oil grapefruit juice,french
sugar all-purpose flour vegetable oil white cornmeal baking powder onions bacon drippings buttermilk,southern_us
butter crab boil garlic old bay seasoning cream cheese crawfish salt,southern_us
mayonaise white sugar ground black pepper salt white vinegar lemon juice,southern_us
sirloin mirin yellow onion low sodium soy sauce water corn oil sugar green onions glass noodles sake shiitake napa cabbage,japanese
large eggs whipping cream chicken broth ground red pepper extra sharp cheddar cheese quickcooking grits hot sauce ground black pepper worcestershire sauce monterey jack,southern_us
fresh basil bay leaves crushed red pepper mussels olive oil basil garlic cloves black pepper dry white wine salt tomatoes finely chopped onion linguine flat leaf parsley,italian
sugar large eggs all-purpose flour baking soda buttermilk honey corn oil yellow corn meal unsalted butter salt,southern_us
lemon pesto salmon fillets white wine,italian
bread crumbs unsalted butter onion powder curry low sodium beef broth pickapeppa sauce curry powder bay leaves garlic cayenne pepper cold water pepper large eggs extra-virgin olive oil yellow onion allspice white vinegar kosher salt fresh thyme worcestershire sauce all-purpose flour ground beef,jamaican
melted butter matcha green tea powder white sugar milk all-purpose flour eggs salt baking powder chopped walnuts,japanese
coarse salt fenugreek urad dal potatoes white rice vegetable oil,indian
pizza crust plum tomatoes pesto part-skim mozzarella cheese,italian
cooking spray salt black pepper yukon gold potatoes low-fat sour cream leeks olive oil 1% low-fat milk,irish
sugar chicken thighs cooking oil fish sauce garlic black pepper,thai
lemongrass large garlic cloves rice unsweetened coconut milk fresh ginger peanut sauce spareribs sesame oil tamari soy sauce golden brown sugar dry sherry boiling water,thai
chicken legs chile pepper ghee tomato paste fresh ginger root garlic chopped cilantro fresh water vegetable oil onions tomatoes garam masala cumin seed ground turmeric,indian
stock curry powder cracked black pepper minced beef onions plain flour bread crumbs butter garlic celery cold water tumeric dried thyme ginger oil tomatoes water paprika salt chillies,jamaican
crushed tomatoes garlic fresh rosemary ground black pepper onions olive oil boneless pork loin kosher salt pappardelle,italian
extra firm tofu coconut milk fresh basil red curry paste eggplant red bell pepper vegetable oil onions,thai
jasmine rice garlic scallions sugar shiitake gochujang base beansprouts top round steak sesame seeds rice vinegar carrots soy sauce sesame oil taiwanese bok choy,korean
vanilla milk large egg yolks sugar corn starch,french
orange juice concentrate pumpkin purée marshmallow creme toasted pecans maple syrup ground cinnamon gingersnap ground nutmeg cream cheese,french
black pepper white sugar white vinegar salt bacon brown sugar green beans,southern_us
large eggs serrano ham manchego cheese butter dijon mustard sourdough membrillo,spanish
burger buns fresh cilantro chili powder garlic cloves panko breadcrumbs chickpea flour pepper sriracha chickpeas carrots ground flaxseed soy sauce olive oil salt lemon juice greens spinach curry powder tahini scallions onions ground cumin,indian
ground cloves whole nutmegs ground ginger ground coriander ground cinnamon ground cardamom ground black pepper ground cumin,moroccan
tomatoes red pepper olive oil italian bread balsamic vinegar onions fresh basil garlic,italian
sausage casings ground black pepper garlic honey grated parmesan cheese shredded mozzarella cheese kosher salt roasted red peppers penne pasta olive oil crushed red pepper flakes,italian
tumeric olive oil lemon saffron tomato paste pepper flour chickpeas chicken stock warm water fresh ginger salt tomatoes fresh cilantro shallots fresh parsley,moroccan
ground pepper paprika ground cardamom chopped cilantro fresh preserved lemon harissa salt couscous tomato paste cayenne garlic fat skimmed chicken broth ground turmeric pitted kalamata olives diced tomatoes fat onions,moroccan
sweetened condensed milk ice espresso,vietnamese
top round steak vegetable oil shiitake soy sauce fresh asparagus green onions,japanese
avocado chopped cilantro fresh jalapeno chilies finely chopped onion plum tomatoes green chilies,mexican
pecans golden brown sugar crumbled blue cheese garlic cloves chuck hamburger buns hot pepper sauce creole seasoning onions mayonaise ground black pepper salt okra pods andouille sausage olive oil watercress fresh lemon juice,cajun_creole
sugar vanilla eggs self rising flour confectioners sugar milk softened butter food colouring butter,southern_us
madeira foie gras demi-glace sherry vinegar whipping cream white bread fuyu persimmons salt egg bread watercress,french
fenugreek leaves olive oil garlic black mustard seeds ground cumin amchur lime wedges scallions coriander sugar fingerling potatoes green chilies chopped cilantro tumeric fresh ginger root salt ramps,indian
black peppercorns cinnamon sticks cardamom pods cumin seed coriander seeds,indian
spinach asiago whole wheat pasta olive oil sweet onion garlic grape tomatoes mushrooms,italian
chestnuts granulated sugar whole milk ricotta cheese coffee ice cream large eggs mascarpone rum powdered sugar semisweet chocolate chestnut flour,italian
baby spinach leaves naan unsalted butter chopped garlic water large shrimp tomatoes salt,indian
water barley,korean
cooked ham red bell pepper seasoning potatoes olive oil onions eggs bacon,spanish
salt starchy potatoes grated nutmeg flour,italian
ground black pepper all-purpose flour milk buttermilk sirloin tip roast coarse salt steak vegetable oil cayenne pepper,southern_us
granulated sugar all-purpose flour vegetable shortening baking powder milk salt,southern_us
ground pork finely chopped fresh parsley onions salt vinegar caul fat,greek
ground cinnamon whole milk golden brown sugar heavy whipping cream kahlúa corn starch instant espresso powder,mexican
boneless chicken skinless thigh lime epazote bay leaf lime juice radishes salt oregano white onion hominy garlic chopped cilantro avocado fresh cilantro tomatillos pepitas canola oil,mexican
catfish fillets ground black pepper salt dried thyme ground red pepper peanut oil yellow corn meal large eggs all-purpose flour garlic powder buttermilk,southern_us
olive oil sea salt coconut milk water garam masala ground coriander basmati rice cauliflower fresh ginger green chilies onions fresh cilantro potatoes scallions cumin,indian
olive oil olives salt blood orange freshly ground pepper fennel bulb,italian
balsamic vinegar low salt chicken broth dijon mustard corn starch dried basil garlic cloves white wine vinegar,italian
"tomato sauce shredded carrots spinach part-skim mozzarella cheese italian seasoning english muffins, split and toasted chopped onion vegetable oil cooking spray chopped green bell pepper",italian
prawns rice flour seasoning salt salt vegetable oil club soda garlic powder cayenne pepper,japanese
cheddar cheese lasagna noodles pepper ranch dressing mozzarella cheese cooked chicken evaporated milk,italian
minced garlic dried oregano red wine vinegar olive oil boneless chop pork lemon juice,greek
cooking spray garlic cloves sliced green onions chile paste salt fresh lime juice sugar flank steak corn tortillas lower sodium soy sauce dark sesame oil cabbage,korean
minced garlic raisins onions olive oil pearl barley curry powder salt slivered almonds ground black pepper flat leaf parsley,indian
chocolate bars marshmallows cinnamon graham crackers,mexican
milk grated parmesan cheese chopped celery mustard powder cod minced onion butter all-purpose flour ground black pepper potatoes salt red bell pepper water chopped green bell pepper old bay seasoning dry bread crumbs,southern_us
vegetable oil cooking spray golden raisins salt margarine eggs mace brewed tea all-purpose flour candied orange peel ground nutmeg raisins grated lemon zest ground cinnamon dried currants baking powder rum extract dark brown sugar,irish
sugar water noodles pork corn starch baby bok choy black bean sauce red potato kosher salt onions,korean
chinese rice wine shiitake sesame oil oil soy sauce egg roll wrappers garlic corn starch sugar ground black pepper ground pork carrots fresh ginger cooking oil salt cabbage,chinese
black beans quinoa garlic lime diced tomatoes chopped cilantro fresh kosher salt jalapeno chilies frozen corn olive oil vegetable broth,mexican
salt butter red bell pepper black pepper okra pods yellow bell pepper chopped cilantro fresh,southern_us
water salt garlic cloves cold water orange sauce onions soy sauce star anise chinese five-spice powder brown sugar fresh ginger duck,chinese
tomato paste unsalted butter dried mint flakes purple onion ground cumin olive oil grated parmesan cheese diced tomatoes penne rigate feta cheese whole milk ras el hanout ground lamb ground cinnamon large eggs large garlic cloves all-purpose flour,moroccan
crumbled blue cheese salt large egg whites vegetable oil sugar cooking spray all-purpose flour large eggs 2% reduced-fat milk,irish
sugar napa cabbage leaves garlic chicken leg quarters soy sauce butter rice vinegar red chili peppers sesame oil salt cucumber pepper ginger long-grain rice,chinese
crusty bread salt baby potatoes olive oil fresh parsley smoked streaky bacon sausages chicken stock ground black pepper onions,irish
piloncillo ground allspice water hibiscus ground cloves cinnamon sticks ground nutmeg white sugar,mexican
olive oil freshly ground pepper fresh rosemary salt fresh parsley fresh basil fresh oregano crushed red pepper garlic cloves,italian
cold water sugar butter chocolate morsels cream sweeten whip instant espresso granules whipping cream boiling water kahlúa large eggs chocolate covered coffee beans unflavored gelatin mascarpone pound cake,italian
pinenuts zucchini baby carrots fresh basil leaves olive oil dry white wine asparagus spears white onion grated parmesan cheese carrots frozen peas arborio rice yellow crookneck squash butter low salt chicken broth,italian
tomato sauce ground black pepper garlic scallions chipotles in adobo avocado dried thyme instant white rice cilantro leaves coconut milk water red beans chopped celery skinless chicken thighs onions lime zest lime juice lime wedges salt carrots,jamaican
water condensed cream of mushroom soup condensed cream of chicken soup lean ground beef mexican cheese blend chunky salsa taco seasoning mix corn tortillas,mexican
pepper panko breadcrumbs plain flour oil salt eggs steak,japanese
minced garlic chorizo spanish red bell pepper olive oil pineapple juice lime cilantro leaves large shrimp dark rum fresh lemon juice,spanish
water daikon sugar pork ribs oil soy sauce shallots goji berries chinese rice wine oysters salt,chinese
shredded cheddar cheese corn tortillas salsa vegetable oil black beans sour cream,mexican
demerara sugar egg whites fruit butter dried currants frozen pastry puff sheets mixed spice white sugar,british
parsnips garam masala chili oil olive oil brown mustard seeds chopped cilantro fresh sugar cooking spray salt coriander seeds yukon gold potatoes ground cumin,indian
sriracha unsalted cashews thai green curry paste light soy sauce kecap manis garlic frozen broad beans basil leaves yellow onion chili flakes cooking oil chicken tenderloin,thai
butter creole style seasoning fresh parsley ground black pepper cayenne pepper shrimp cauliflower paprika condensed cheddar cheese soup whole milk chopped onion sliced mushrooms,southern_us
refried beans grated jack cheese hot sauce sour cream,mexican
ground cinnamon cornflour milk egg yolks sugar cinnamon sticks,spanish
grated parmesan cheese asparagus bacon slices ground black pepper green onions large eggs salt,french
fresh leav spinach cheese tortellini fresh basil cherry tomatoes fresh lemon juice capers fresh parmesan cheese navy beans pepper extra-virgin olive oil,italian
quinoa nonfat milk granny smith apples paprika chicken broth chicken breasts chopped onion curry powder chopped celery,indian
milk salt flour eggs lard,british
tomatoes golden raisins salt olive oil yellow bell pepper olives ground pepper white wine vinegar green bell pepper green onions fresh basil leaves,spanish
pecorino romano cheese fresh fava bean finely chopped onion extra-virgin olive oil plum tomatoes italian sausage large garlic cloves pasta sheets dry white wine crushed red pepper,italian
fish sauce chicken broth sesame oil green onions eggs,korean
lime zest sweet potatoes purple onion boiling water spinach leaves ginger low-fat natural yogurt red lentils vegetable stock carrots basmati rice lime flora cuisine curry paste,indian
kosher salt radishes garlic cloves dried oregano chicken stock ground black pepper bone-in chicken breasts red bell pepper canola oil tomato paste white hominy tortilla chips onions avocado lime cilantro leaves dried chile peppers cabbage,mexican
granulated sugar large egg whites,mexican
frozen whipped topping chocolate instant pudding instant butterscotch pudding mix cream cheese milk butter graham cracker crumbs white sugar,southern_us
fennel seeds kalamata capers dried oregano great northern beans salt red wine vinegar,french
kosher salt kielbasa red bell pepper celery ribs large garlic cloves long-grain rice fresh parsley olive oil cayenne pepper medium shrimp chicken broth diced tomatoes ham onions,cajun_creole
moong dal cilantro leaves onions tomatoes capsicum lemon juice green mango oil garlic paste salt carrots,indian
fresh ginger garlic low sodium soy sauce mirin toasted sesame oil tofu short-grain rice dried shiitake mushrooms gari green onions,chinese
shredded mozzarella cheese marinara sauce fresh basil leaves penne pasta,italian
water extra-virgin olive oil carrots hot red pepper flakes turkish bay leaves dried chickpeas onions celery ribs semolina fine sea salt flat leaf parsley warm water vine ripened tomatoes garlic cloves,italian
sugar mascarpone bittersweet chocolate fat free yogurt vanilla extract skim milk angel food cake unsweetened cocoa powder kahlúa water instant espresso,italian
water onion powder peanut oil black pepper garlic powder salt eggs organic chicken buttermilk corn starch pepper flour cayenne pepper,southern_us
orange anise cinnamon sticks unflavored gelatin zinfandel orange blossom honey sugar lemon calimyrna figs clove honey whipping cream plain whole-milk yogurt,greek
ground pepper flour garlic onions fresh ginger mirin daikon corn starch olive oil reduced sodium soy sauce beef stock salt sliced green onions shiitake chuck roast star anise chopped cilantro,japanese
corn flakes cereal yellow corn meal coleslaw catfish fillets creole seasoning cooking spray,cajun_creole
diced tomatoes sugar garlic salt tomato paste crushed red pepper dried basil dried oregano,italian
soy sauce chili paste oil brown sugar honey red pepper flakes kiwi pepper asian pear garlic cloves pork fresh ginger salt,korean
chicken broth chees fresco queso corn tortillas swiss chard salt olive oil garlic onions red pepper flakes salsa,mexican
chili powder coriander garam masala salt tumeric vegetable oil cumin prawns sauce,indian
mushrooms all-purpose flour fresh rosemary veal cutlets plum tomatoes dry white wine low salt chicken broth olive oil large garlic cloves,italian
tomato sauce garlic salt chili powder water ground cumin pasta vegetable oil,mexican
wakame extra-lean ground beef minced garlic salt water soy sauce sesame oil,korean
scallion greens sriracha carrots soy sauce wonton wrappers toasted sesame oil sugar peeled fresh ginger nonstick spray white vinegar large egg whites scallions large shrimp,chinese
"tomatoes olive oil chopped fresh thyme salt chicken bones green bell pepper, slice black olives lemon juice eggs ground black pepper garlic anchovy fillets dried thyme lettuce leaves purple onion crusty rolls",french
coconut oil ground red pepper scallions curry powder salt coconut milk pepper sesame oil carrots ground ginger almond flour coconut aminos ground beef,chinese
olive oil white rice onions chicken broth crushed garlic all-purpose flour saffron pepper green peas shrimp chorizo sausage clams chopped tomatoes salt boneless skinless chicken breast halves,spanish
chicken stock minced garlic seasoned rice wine vinegar snow peas soy sauce vegetable oil garlic cloves sugar fresh ginger root rice vinegar large shrimp white pepper garlic corn starch,chinese
olive oil paprika chopped onion sugar hard-boiled egg bacon slices spinach leaves artichoke hearts dry mustard black pepper red wine vinegar salt,spanish
water chili powder oil stuffing salt ghee coriander powder maida flour ground cardamom sugar baking powder cumin seed frozen peas,japanese
pepper pita bread rounds red bell pepper olive oil garlic tomatoes eggplant salt lime butter chopped cilantro fresh,mexican
pepper grated gruyère cheese heavy cream salt potatoes,french
fresh ginger vegetable broth sake green onions carrots udon red miso silken tofu button mushrooms,japanese
cooked chicken cilantro leaves fresh lime juice whole peeled tomatoes coarse salt sour cream canola oil jalapeno chilies garlic corn tortillas shredded monterey jack cheese pickled jalapenos chili powder freshly ground pepper onions,mexican
hot red pepper flakes broccoli rabe whole milk garlic cloves black pepper parmigiano reggiano cheese all-purpose flour sausage casings olive oil large eggs dry bread crumbs fontina unsalted butter salt,italian
sesame oil cucumber sugar purple onion fish sauce thai chile peppercorns vinegar salt,filipino
dry white wine corn starch herbs refrigerated piecrusts cream of chicken soup cooked chicken frozen peas and carrots low sodium chicken broth buttermilk,southern_us
pasta sauce fresh parmesan cheese olive oil flavored cooking spray frozen chopped spinach large egg whites part-skim ricotta cheese pepper large eggs italian seasoning manicotti shells part-skim mozzarella cheese salt,italian
vegetable oil cooking spray dry white wine sliced mushrooms fettucine olive oil fresh oregano onions fresh basil parmesan cheese corn starch large shrimp tomatoes chicken bouillon garlic flat leaf parsley,italian
soy sauce egg whites red wine vinegar peanut oil chicken stock peanuts chicken breasts chili paste with garlic fresh ginger green onions red pepper flakes corn starch sugar fresh veget sesame oil rice vinegar,chinese
taco sauce milk guacamole garlic water salsa verde shredded cabbage dried oregano kosher salt sweet onion condiments cayenne pepper avocado pork shoulder roast tortillas chili powder cumin,mexican
rose petals almonds rice sugar whole milk pistachios saffron,indian
soy sauce ginger canola oil flour rice vinegar honey garlic chicken wings sesame oil corn starch,korean
chicken stock drumstick ground black pepper chopped cilantro green chile peeled tomatoes salt chicken chiles olive oil adobo sauce yellow corn meal chipotle chile ancho powder chipotle chile powder,mexican
cheddar cheese taco seasoning mix salt old el paso flour tortillas cranberry sauce fresh cilantro sriracha beer avocado soy sauce olive oil chili sauce brown sugar lime jalapeno chilies beef rib short,mexican
miso paste water seaweed tofu green onions dashi,japanese
fresh dill yoghurt salt myzithra large eggs cheese feta cheese phyllo kefalotyri ground black pepper extra-virgin olive oil onions,greek
sea salt chopped cilantro black-eyed peas purple onion shredded monterey jack cheese lime garlic canola oil sriracha tortilla chips,mexican
buttermilk okra large eggs all-purpose flour salt cracker crumbs peanut oil,southern_us
philadelphia cream cheese powdered sugar oil crab meat salt wonton wrappers,chinese
savoy cabbage salt unsalted butter baking potatoes black pepper,british
sake sesame oil boneless chicken thighs peanut oil soy sauce vegetable oil potato starch fresh ginger,japanese
cream of tartar pistachio nuts salt orange liqueur eggs vanilla extract heavy whipping cream semi-sweet chocolate morsels water cake flour confectioners sugar ground cinnamon ricotta cheese cream cheese white sugar,italian
tomatoes coarse salt water white onion serrano fresh cilantro,mexican
steel-cut oats salt ground cinnamon water hazelnuts hazelnut oil brown sugar sweet cherries,irish
olive oil salt hamburger buns paprika chopped fresh mint ground cinnamon balsamic vinegar feta cheese crumbles baby spinach leaves purple onion ground lamb,greek
"chopped celery fire roasted diced tomatoes andouille sausage sweet pepper red kidnei beans, rins and drain",cajun_creole
gari rice vinegar wasabi paste black sesame seeds scallions japanese soy sauce fresh salmon sugar ginger garlic cloves,japanese
dried porcini mushrooms chopped fresh thyme beef rib short tomato paste kosher salt dry red wine hot water black pepper fat free less sodium beef broth garlic cloves cremini mushrooms olive oil all-purpose flour onions,italian
creole mustard minced garlic green tomatoes creole seasoning canola oil mayonaise prepared horseradish paprika shrimp celery salt water buttermilk lemon juice shrimp and crab boil seasoning shallots salt medium shrimp,southern_us
turnip greens vegetable oil fresh lemon juice black peppercorns butternut squash apples kosher salt buttermilk country ham shallots extra-virgin olive oil,southern_us
"vegetable oil frozen edamame beans onions whole kernel corn, drain seasoning salt",southern_us
pitted kalamata olives grated parmesan cheese penne pasta cauliflower olive oil crushed red pepper pepper garlic fresh parsley capers whole peeled tomatoes salt,italian
strong white bread flour salted butter sunflower oil warm water yoghurt kalonji sugar instant yeast garlic fresh coriander sea salt,indian
water chicken breasts oyster sauce soy sauce egg whites garlic cooked white rice kosher salt mixed mushrooms sauce wood ear mushrooms chinese rice wine vegetables sesame oil corn starch,chinese
hoisin sauce corn starch green onions extra firm tofu oil,japanese
quinoa salt oil black beans jalapeno chilies taco seasoning chicken broth bell pepper salsa onions minced garlic boneless skinless chicken breasts shredded cheese,mexican
jalapeno chilies fresh lime juice tomatillos coarse salt fresh cilantro purple onion,mexican
eau de vie leaves cane sugar pinenuts golden raisins baking apples large eggs ground cinnamon parmesan cheese salt,french
salt and ground black pepper purple onion jalapeno chilies plum tomatoes garlic powder chopped cilantro fresh lime garlic ground cumin,mexican
lime juice sliced black olives chili powder sour cream cheddar cheese chopped green chilies green onions butter water garlic powder boneless skinless chicken breasts enchilada sauce condensed cream of chicken soup taco seasoning mix flour tortillas onion powder onions,mexican
pepper potatoes butter salt onions tomato paste olive oil beef stock diced tomatoes carrots sugar baking soda baking powder rosemary leaves lean steak water flour buttermilk guinness lager dried rosemary,irish
"water wonton wrappers garlic cloves water chestnuts, drained and chopped peeled fresh ginger chinese cabbage low sodium soy sauce cooking spray dipping sauces lean ground pork green onions dark sesame oil",chinese
pico de gallo cheese slices refried beans chorizo french bread,mexican
pepper dried mint flakes salt dried oregano tomatoes ground black pepper garlic dried dillweed olive oil red wine lamb plain yogurt pita bread rounds purple onion cucumber,greek
sesame oil water soy sauce kale,korean
water mexican beer corn tortillas chipotle chile lime wedges salsa canola oil boneless beef short ribs garlic chopped cilantro white onion guajillo yellow onion ground cumin,mexican
saffron threads ground black pepper dry bread crumbs fresh lemon juice water crushed red pepper chopped onion ground cumin fresh spinach dry sherry chickpeas fresh parsley olive oil salt garlic cloves,spanish
swiss chard diced tomatoes chopped onion pepper banana squash garlic italian seasoning grated parmesan cheese vegetable broth bay leaf olive oil cannellini beans salt,italian
shortening butter honey salt milk buttermilk eggs baking powder all-purpose flour,southern_us
ground black pepper fresh parsley fat free less sodium chicken broth salt capers balsamic vinegar boneless skinless chicken breast halves olive oil fresh lemon juice,italian
pepper salt jalapeno chilies canola oil,mexican
2% reduced-fat milk corn starch eggs maple syrup sugar margarine vanilla extract,french
franks hot sauce salt shredded cheddar cheese chicken pepper sour cream black beans green onions,mexican
heavy cream pears unsalted butter sour cream sugar confectioners sugar light pancake syrup puff pastry,french
fish sauce apple cider vinegar fat mushroom powder salt water garlic bone in chicken thighs black peppercorns fresh bay leaves coconut aminos,filipino
black beans flour tortillas diced tomatoes fresh cilantro chili powder red bell pepper cooked rice olive oil sea salt onions lime juice jalapeno chilies garlic cloves,mexican
cilantro enchilada sauce taco seasoning mix skinless chicken breasts tomatoes garlic flour tortillas shredded cheese,mexican
light sour cream ground black pepper pecorino romano cheese large egg whites large eggs salt olive oil mushrooms fava beans finely chopped fresh parsley fresh tarragon,italian
"pepper green onions cilantro leaves canola oil kidney beans purple onion whole kernel corn, drain lime yellow bell pepper chickpeas black beans orzo pasta salt red bell pepper",mexican
pork dri leav thyme garlic water onions white vinegar salt,southern_us
salt granulated sugar eggs grated lemon zest cake flour,italian
wasabi soy sauce seaweed jumbo shrimp salt red bell pepper avocado sticky rice cucumber sugar rice vinegar white sesame seeds,japanese
chopped almonds dried oregano dried basil broccoli grated parmesan cheese dry bread crumbs pepper salt,italian
boneless skinless chicken breasts chopped cilantro fresh seasoning vegetable oil baby arugula tequila lime margarita mix,mexican
garlic powder crushed red pepper black pepper paprika cumin chili powder salt onion powder dried oregano,mexican
large eggs salt sugar crust grits water vanilla extract pecan halves butter corn syrup,southern_us
melted butter superfine sugar buttermilk fresh lime juice sugar unsalted butter all-purpose flour blackberries shortening baking soda sea salt whiskey luke warm water active dry yeast baking powder fresh mint,southern_us
potatoes eggs all-purpose flour self rising flour,italian
black pepper apple cider vinegar garlic brown sugar jamaican jerk season red pepper flakes salt olive oil butter purple onion pineapple preserves shallots chicken drumsticks red bell pepper,jamaican
eggplant fresh basil leaves cooking spray chicken pitas plum tomatoes goat cheese,italian
romaine lettuce sesame seeds gingerroot soy sauce sesame oil cooked white rice sugar mirin garlic cloves rib eye steaks black pepper hot bean paste onions,korean
ground black pepper okra canola oil tomatoes yellow onion garlic cloves sea salt ground coriander ground cumin water cayenne pepper flat leaf parsley,southern_us
garbanzo beans sea salt medjool date cumin tumeric shallots cayenne pepper coriander diced bell pepper potatoes garlic chopped cilantro cream lemon smoked paprika frozen peas,indian
ground black pepper reduced fat milk smoked trout large egg whites large eggs salt fresh dill parmigiano reggiano cheese green onions asparagus cooking spray canola oil,italian
tumeric fresh coriander paprika garlic puree ghee green cardamom pods white onion chicken breasts salt cinnamon sticks sugar fenugreek ginger garlic cloves ground cumin tomato purée pepper lemon green chilies coconut milk,indian
pickled jalapeno peppers water romaine lettuce leaves corn tortillas crema mexicana corn oil garlic cloves chile sauce red potato radishes fine sea salt chicken thighs white onion queso fresco carrots,mexican
white vinegar reduced sodium soy sauce kosher salt toasted sesame oil fresh spinach garlic cloves ground black pepper,korean
baking powder milk salt flour sugar vegetable shortening,southern_us
lime cilantro glass noodles boston lettuce mirin persian cucumber avocado thai basil peanut butter rice paper soy sauce sriracha carrots,vietnamese
korean chile flakes fresh lemon juice pepper kosher salt celery peanut oil,korean
tomatoes red chile powder boneless chicken breast butter green chilies cashew nuts garlic paste mace yoghurt salt lemon juice ground cumin black peppercorns honey kashmiri chile kasuri methi mustard oil ginger paste clove cream garam masala cinnamon tomato ketchup coriander,indian
salt pecan pie sweetened condensed milk chocolate morsels vanilla extract,southern_us
olive oil scallions chili powder ground pepper fresh lime juice black beans coarse salt,mexican
tostada shells jalapeno chilies grouper chopped cilantro fresh low-fat sour cream olive oil chili powder fresh lime juice sliced green onions corn kernels cooking spray red bell pepper plum tomatoes romaine lettuce ground black pepper salt onions ground cumin,mexican
large egg whites oil kosher salt ground black pepper cream of tartar olive oil fresh parsley ricotta salata green onions,italian
unsalted butter pecorino cheese grana padano pasta cracked black pepper kosher salt,italian
vegetable oil salt green bell pepper red bell pepper large eggs,korean
kaffir lime leaves corn jalapeno chilies soba noodles galangal sugar green curry paste button mushrooms shrimp bamboo shoots fish sauce lime basil garlic chili sauce onions chicken broth lemongrass shiitake ginger coconut milk,thai
self rising flour butter eggs vegetable oil chopped nuts bourbon whiskey vanilla extract sugar almond extract,southern_us
eggs honey sesame oil corn starch minced garlic boneless skinless chicken breasts rice vinegar ketchup flour salt canola oil cold water water baking powder oil,chinese
golden brown sugar eggs whole milk ricotta cheese rhubarb frozen pastry puff sheets powdered sugar,french
garbanzo beans liquid black pepper garlic tahini lemon juice olive oil salt,greek
green bell pepper water all-purpose flour medium shrimp store bought low sodium chicken stock bacon fresh lemon juice safflower oil coarse salt garlic cloves grits cheddar cheese unsalted butter freshly ground pepper onions,southern_us
fresh cilantro onions fresh lime juice avocado chipotles in adobo salt ground cumin,mexican
clove cilantro leaves ghee cinnamon jeera water cardamom basmati rice salt bay leaf,indian
black pepper granulated sugar buttermilk baking soda baking powder salt seasoning salt whole milk cake flour unsalted butter breakfast sausages all-purpose flour,southern_us
guacamole monterey jack crema salsa tortillas shrimp,mexican
mirin sugar salmon steaks soy sauce,japanese
milk buttermilk sugar unsalted butter jam eggs baking soda salt dried currants butter all-purpose flour,british
plain flour karashi spring onions tomato ketchup panko breadcrumbs sake fresh ginger root salt garlic cloves dark soy sauce vegetables worcestershire sauce free range egg sugar mirin chinese cabbage steak,japanese
shredded cheddar cheese chopped cilantro salsa green bell pepper boneless pork loin flour tortillas,mexican
water jicama carrots bamboo shoots egg roll wrappers garlic beansprouts ground black pepper vegetable oil green beans soy sauce water chestnuts diced celery onions,filipino
kidney beans shredded sharp cheddar cheese chili powder dinner rolls vegetable oil garlic powder ground beef,mexican
avocado salt sour cream tomatillos cactus pad ground cumin jalapeno chilies cilantro leaves fresh lime juice purple onion red bell pepper,mexican
red chili peppers vegetable oil cumin seed ground pepper fenugreek seeds ground turmeric cauliflower flowerets salt boiling potatoes fennel seeds garam masala ground coriander,indian
cherry tomatoes baby spinach sour cream flour tortillas goat cheese tuna steaks freshly ground pepper olive oil salt,mexican
chicken thighs vegetable oil yoghurt spices,indian
dry red wine cinnamon sticks turkish bay leaves fresh oregano red wine vinegar garlic cloves octopuses extra-virgin olive oil onions,greek
green bell pepper garlic shredded mozzarella cheese vidalia onion marinara sauce baby carrots pepper salt smoked gouda baby spinach leaves shredded sharp cheddar cheese small red potato,italian
tostada shells shredded lettuce avocado jalapeno chilies tuna tomatoes fat-free refried beans low-fat milk fresh lime salsa,mexican
honey ginger whiskey chicken wings green onions green chilies hoisin sauce garlic soy sauce sesame oil chinese five-spice powder,chinese
chicken stock kosher salt unsalted butter scallions canola oil andouille sausage dried thyme yellow onion celery green bell pepper dried basil flour ground white pepper boneless chicken skinless thigh ground black pepper cayenne pepper cooked white rice,cajun_creole
"bertolli® classico olive oil boneless skinless chicken breast halves eggs linguine chicken broth bacon, crisp-cooked and crumbled bertolli vineyard premium collect marinara with burgundi wine sauc bread crumb fresh shredded mozzarella cheese",italian
lime wedges powdered sugar orange liqueur tequila margarita salt fresh lime juice,mexican
(    oz.) tomato sauce ground veal sliced mushrooms italian seasoning mix finely chopped onion dry bread crumbs spaghetti beef diced tomatoes fresh basil leaves parmesan cheese large eggs fat skimmed chicken broth,italian
solid pack pumpkin dry white wine corn starch ground nutmeg white rice chicken broth grated parmesan cheese salt ground pepper butter onions,italian
fresh rosemary fresh thyme leaves flat leaf parsley olive oil baby carrots kosher salt balsamic vinegar onions ground black pepper small red potato,italian
black pepper whole grain thin spaghetti scallions red bell pepper baby bok choy shiitake grapeseed oil oyster sauce chicken broth fresh ginger sesame oil organic sugar onions soy sauce boneless chicken breast rice vinegar corn starch,chinese
pistachios salt dried cherry butter large eggs vanilla extract sugar baking powder all-purpose flour,italian
water green onions galangal fish sauce peanuts thai chile chopped cilantro fresh kaffir lime leaves lemongrass lime wedges medium shrimp straw mushrooms chili paste fresh lime juice,thai
green bell pepper kidney beans extra-virgin olive oil vidalia ground black pepper salt sugar sherry vinegar garlic haricots verts sweet onion wax beans,southern_us
pepper garlic eggs grated parmesan cheese fresh parsley prosciutto salt romano cheese ricotta cheese,italian
chicken broth dried basil salt cooked shrimp ground cumin sugar diced tomatoes crabmeat dried oregano green chile flour tortillas all-purpose flour onions pepper garlic sour cream shredded monterey jack cheese,mexican
sugar fresh cilantro hoisin sauce butter crushed red pepper flakes strawberries ground coriander red bell pepper adobo sauce green peppercorns kosher salt salted butter chives sea salt extra-virgin olive oil taco seasoning pork loin chops chipotle peppers chorizo sausage blueberri preserv orange ground black pepper balsamic vinegar basil garlic filet thyme leaves chipotles in adobo unsweetened cocoa powder black pepper honey boneless skinless chicken breasts heavy cream cracked black pepper coffee beans garlic cloves steak onions,filipino
tumeric vegan margarine cardamom pods onions coriander seeds raisins carrots cashew nuts fresh cilantro chili powder garlic cloves frozen peas clove quinoa vegetable broth cinnamon sticks ground cumin,indian
soy sauce bay leaves pork shoulder water salt chicken pepper garlic onions vinegar oil,filipino
kosher salt butter garlic dry white wine extra-virgin olive oil parsley leaves lemon shrimp black pepper shallots linguine,italian
water fresh lemon juice fresh raspberries sugar,italian
frozen whole kernel corn wish bone guacamol ranch dress black beans purple onion grape tomatoes jalapeno chilies chopped cilantro fresh lime juice torn romain lettuc leav,mexican
eggs russet potatoes mexican chorizo black beans salsa canola oil colby cheese black olives sour cream avocado half & half goat cheese,mexican
dry vermouth flour salt canned low sodium chicken broth ground black pepper garlic pinenuts butter chicken livers olive oil raisins flat leaf parsley,italian
chicken stock cilantro leaves onions quinoa roasted salted cashews chopped tomatoes skinless chicken breasts sunflower oil curry paste,indian
cream baby spinach ghee tumeric fresh lemon fine sea salt toasted sesame seeds fresh ginger buttermilk onions plain yogurt spices garlic cloves paneer cheese,indian
garlic paste flour tortillas carrots canola oil lemon grass roasted peanuts toasted sesame oil boneless chicken skinless thigh seasoned rice wine vinegar thai fish sauce light brown muscavado sugar granulated sugar english cucumber coriander,thai
chili paste fish sauce garlic cloves sugar fresh lime juice warm water,vietnamese
collard greens butter fillets parsley white wine vinegar cajun seasoning yellow onion cheddar cheese garlic grits,cajun_creole
black pepper low sodium chicken broth salt ground cumin avocado hominy diced tomatoes oregano boneless center cut pork chops radishes garlic canola oil celery ribs lime chili powder chopped onion,mexican
pepper salt pork tenderloin salsa,mexican
shell-on shrimp salt chipotle chile worcestershire sauce unsalted butter dry red wine large garlic cloves,southern_us
fish sauce steamed white rice scallions minced garlic vegetable oil caramel sauce chili pepper shallots corn starch chicken stock fresh ginger boneless skinless chicken,chinese
seasoned bread crumbs grated parmesan cheese salt fresh parsley chicken broth minced garlic half & half shredded mozzarella cheese frozen chopped spinach pepper flour penne pasta black pepper large eggs butter ground beef,italian
bean threads sesame seeds carrots safflower oil mushrooms onions sugar cayenne toasted sesame oil reduced sodium tamari black pepper baby spinach chopped garlic,korean
saffron threads red wine vinegar large shrimp mayonaise garlic cloves capers cayenne pepper roasted red peppers sourdough baguette,french
fennel seeds liquorice ginger green cardamom cinnamon sticks water szechwan peppercorns garlic scallions beef chinese black bean cooking wine dried chile rock sugar bean paste star anise brown cardamom bay leaf,chinese
pepper garlic cloves onions salt leg of lamb pearl barley celery parsley carrots,british
red kidney beans bay leaves salt ground cumin garam masala ginger onions coriander powder garlic ground turmeric tomatoes chili powder oil,indian
chicken stock water cornflour fillets soy sauce spring onions white wine vinegar bamboo shoots eggs fresh ginger root garlic chillies fresh coriander sesame oil fresh mushrooms,chinese
daikon red radishes green onions ginger chili flakes sea salt carrots napa cabbage garlic cloves,korean
eggs water flour corn starch sugar sesame seeds vegetable oil granulated garlic milk chicken breasts toasted sesame oil chicken broth soy sauce vinegar salt,chinese
cauliflower pepper lemon green chilies ground cumin garlic paste chili powder salt carrots tomatoes capsicum kasuri methi cumin seed beans butter cilantro leaves onions,indian
jack cheese vegetables dry white wine lemon juice arborio rice olive oil unsalted butter ricotta pepper asparagus yellow onion frozen peas reduced sodium chicken broth prosciutto salt chopped fresh mint,italian
sugar linguine boneless skinless chicken breast halves balsamic vinegar oil fresh basil large garlic cloves low salt chicken broth olive oil purple onion,italian
chili oil mung bean sprouts light soy sauce sesame paste noodles red chili peppers peanut oil ground beef szechwan peppercorns pickled vegetables,chinese
salt jaggery water ground cardamom oil coconut rice flour,indian
firmly packed brown sugar sweet potatoes margarine skim milk salt vegetable oil cooking spray vanilla extract chopped pecans egg whites all-purpose flour,southern_us
ground pork spam rice cakes firm tofu onions water gochujang base kimchi green onions sausages chopped garlic,korean
oil water rice flour tapioca starch,vietnamese
chili mayonaise chopped onion cider vinegar fresh mint cilantro leaves,indian
ground pepper dressing sea salt grapeseed oil salad tuna fillets,japanese
eggs garbanzo beans rice water lemon onions ground cinnamon olive oil salt saffron pepper flour fresh parsley,moroccan
ground cinnamon lamb neck fillets tomatoes chopped parsley paprika,moroccan
eggplant low sodium chicken broth fresh basil leaves pepper grated parmesan cheese goat cheese zucchini salt polenta water bell pepper olive oil cooking spray,italian
sugar water cauliflower florets chili sauce sweet chili sauce maida flour salt oil soy sauce spring onions garlic green chilies white vinegar black pepper ginger tomato ketchup corn starch,indian
old el paso™ mild red enchilada sauce pillsbury™ refrigerated crescent dinner rolls mexican cheese blend cooked chicken refrigerated crescent rolls red enchilada sauce cooked chicken mexican cheese blend,mexican
jumbo shrimp sea scallops grate lime peel olive oil chopped onion chopped cilantro bottled clam juice white hominy sun-dried tomatoes in oil salsa verde garlic cloves,mexican
baking powder salt vegetable oil warm water all-purpose flour,mexican
baking soda cake flour baking powder all-purpose flour unsalted butter salt sugar buttermilk,southern_us
water green onions corn starch boneless skinless chicken breast halves granulated sugar unsalted dry roast peanuts toasted sesame oil fresh ginger dry sherry dried red chile peppers canola oil cooked brown rice reduced sodium soy sauce rice vinegar bok choy,chinese
large eggs sauce cajun seasoning shrimp vegetable oil fry mix milk yellow mustard,cajun_creole
jumbo shrimp baguette extra-virgin olive oil freshly ground pepper saffron threads ground cloves dry white wine salt onions tomatoes bottled clam juice paprika cayenne pepper orange zest mayonaise fennel garlic fresh lemon juice,french
garlic cloves diced tomatoes ground cumin spinach greens extra-virgin olive oil,indian
chicken broth white wine zucchini salted roast peanuts peanut oil soy sauce salt and ground black pepper boneless skinless chicken breasts rice vinegar red bell pepper white vinegar ketchup chili paste sesame oil onion tops cooked white rice brown sugar water green onions garlic corn starch,chinese
catfish fillets garlic powder lemon creole seasoning eggs flour hot sauce mustard cooking oil paprika cornmeal black pepper onion powder cayenne pepper,southern_us
sugar large egg yolks grated lemon peel rhubarb cream salt ground cinnamon golden brown sugar all-purpose flour sliced almonds unsalted butter,french
fish sauce hot red pepper flakes cider vinegar chile paste granulated sugar sesame oil crushed red pepper oyster sauce coconut milk grated orange fresh red chili natural peanut butter soy sauce water sesame seeds lemon zest worcestershire sauce pineapple juice corn starch fresh lime juice white vinegar brown sugar sugar minced garlic chili hoisin sauce red pepper flakes rice vinegar lemon juice toasted sesame oil chicken broth grated orange peel ketchup minced ginger chili paste green onions white wine vinegar orange juice chili garlic paste white sugar,thai
lime juice freshly ground pepper jalapeno chilies tomatoes salt sweet onion chopped cilantro fresh,mexican
masa harina vegetable oil kosher salt hot water,mexican
dark rum crème fraîche unsalted butter cake flour large eggs salt sugar lemon double-acting baking powder,french
black pepper bacon grated parmesan cheese flat leaf parsley kosher salt linguine egg yolks,italian
extra-virgin olive oil fresh rosemary duck breast halves fennel seeds garlic cloves,italian
kalamata flat leaf parsley tomatoes california bay leaves orange zest extra-virgin olive oil bok choy large garlic cloves thyme,french
mint leaves sliced almonds vanilla lowfat yogurt honey,greek
roma tomatoes pizza crust goat cheese pesto sauce garlic olive oil arugula,italian
ground cinnamon active dry yeast vegetable oil ground allspice warm water ground nutmeg salt onions eggs olive oil garlic fresh parsley cauliflower ground cloves ground black pepper all-purpose flour ground cumin,indian
sugar water shredded coconut glutinous rice flour,filipino
clove potatoes extra-virgin olive oil turnips ground nutmeg bay leaves celery water leeks carrots savoy cabbage fresh thyme sea salt onions,french
eggplant raisins lentils tomato sauce garam masala salt onions tumeric garbanzo beans vegetable broth red bell pepper black pepper red pepper flakes garlic cloves chopped cilantro fresh,moroccan
olive oil garlic cloves ground cinnamon yellow onion ground cumin red potato ground coriander red lentils vegetable stock carrots,indian
lemongrass beef garlic vermicelli noodles fish sauce peanuts vegetable oil cucumber salad pickled carrots shallots white radish onions sugar leaves dipping sauces beansprouts,vietnamese
light soy sauce dark sesame oil cilantro leaves honey fresh lime juice creamy peanut butter,thai
"green onions garlic sour cream lime juice cooked chicken shredded sharp cheddar cheese chopped cilantro flour tortillas chili powder salsa cumin cooking spray onion powder cream cheese, soften",mexican
coconut sugar lime juice sea salt ground cumin coconut oil cayenne hot sauce white corn tortillas fresh cilantro purple onion ground cinnamon black beans jalapeno chilies plantains,mexican
water napa cabbage onions fish sauce egg noodles salt beef shank garlic peppercorns fried garlic green onions oil,filipino
bell pepper purple onion fresh lemon juice tomatoes summer squash garlic cloves flat leaf parsley red wine vinegar ciabatta juice capers extra-virgin olive oil fresh herbs grated lemon peel,italian
water worcestershire sauce hot sauce oyster sauce ketchup plum sauce rice vinegar scallions green bell pepper baking soda garlic skinless chicken breasts corn starch white pepper shaoxing wine all-purpose flour oil,chinese
dough cracked black pepper coarse sea salt lemon olive oil flavored cooking spray pinenuts rosemary leaves,italian
ground black pepper hot sauce celery dried oregano kosher salt bay leaves scallions dried kidney beans green bell pepper cayenne yellow onion cooked white rice canola oil dried thyme garlic ground white pepper smoked ham hocks,cajun_creole
soy sauce sesame oil fresh spinach sesame seeds sugar vinegar black pepper crushed garlic,korean
water grits mozzarella cheese salt,russian
prosciutto mushrooms salt grated parmesan cheese red pepper flakes boneless skinless chicken breast halves water roma tomatoes garlic dried oregano ground black pepper dry white wine brie cheese,italian
eggs baking powder wheat germ granny smith apples butter baking soda all-purpose flour sugar cinnamon,irish
avocado water garlic boneless rib eye steaks fish sauce cherry tomatoes freshly ground pepper sugar vermicelli oil mini cucumbers lime salt bird chile,vietnamese
honey bamboo shoots sake green onions boneless chicken skinless thigh garlic cloves low sodium soy sauce zucchini,japanese
water sesame oil ginger oyster sauce onions soy sauce hoisin sauce crushed red pepper flakes salt red bell pepper chinese rice wine sriracha napa cabbage garlic carrots noodles black pepper green onions ground pork rice vinegar celery,chinese
oil cajun seasoning cornmeal russet potatoes corn flour salt,cajun_creole
cheese ravioli evaporated milk italian seasoned breadcrumbs eggs cheese parsley smoked gouda,italian
ground cinnamon baking potatoes bay leaf lean ground pork salt ground cloves refrigerated piecrusts onions water celery,french
reduced sodium chicken broth lemon chopped cilantro fennel seeds harissa garlic cloves ground cumin golden raisins ground coriander ground lamb ground cinnamon vegetable oil couscous,moroccan
minced garlic meat bones water diced onions dried kidney beans,southern_us
"eggs hearts of palm cilantro coconut cream flax seed meal kosher salt jalapeno chilies garlic cream cheese, soften coconut oil lime juice crushed red pepper flakes ground coriander pepper chicken breasts coconut flour onions",brazilian
ground ginger peanuts szechwan peppercorns minced garlic reduced sodium soy sauce chopped onion sugar lo mein noodles slaw mix pasta water chunky peanut butter dark sesame oil,chinese
green bell pepper peeled fresh ginger rib eye steaks pickles garlic cloves low sodium soy sauce hoagie buns canola oil mayonaise scallions,korean
black pepper olive oil fat-free cottage cheese dried oregano dried basil grated parmesan cheese salt water part-skim mozzarella cheese crushed red pepper fresh basil cherry tomatoes cooking spray oven-ready lasagna noodles,italian
skim milk margarine garlic freshly ground pepper grated parmesan cheese cream cheese fettucine all-purpose flour fresh parsley,italian
chopped fresh thyme olive oil radicchio balsamic vinegar,italian
great northern beans sweet paprika andouille sausage links olive oil bay leaf saffron threads kale red bell pepper chicken stock garlic onions,spanish
tea bags ground black pepper chicken thighs light brown sugar kosher salt salt rosemary sprigs lemon ice cubes sweet onion garlic cloves,southern_us
garbanzo beans large garlic cloves plum tomatoes orzo pasta fresh parsley grated parmesan cheese rubbed sage dried rosemary olive oil canned beef broth onions,italian
kale leaves chicken noodle soup cannellini beans,italian
dijon mustard extra-virgin olive oil flat leaf parsley water green onions fresh lemon juice capers zucchini garlic cloves fresh basil leaves olive oil italian parsley leaves green beans,french
cherry tomatoes black pepper salt balsamic vinegar mozzarella cheese fresh basil leaves,italian
white onion italian style rolls provolone cheese genoa salami olive oil sweet pepper oregano pepper red wine vinegar boiled ham tomatoes capicola salt iceberg lettuce,italian
chicken broth tortillas salt fresh tomatoes chicken breasts onions table cream jalapeno chilies garlic cloves chiles grating cheese,mexican
kosher salt garlic greek yogurt cracked black pepper english cucumber shallots dill white vinegar extra-virgin olive oil fresh lemon juice,greek
granulated sugar vanilla chocolate sauce milk ricotta cheese all-purpose flour slivered almonds large eggs salt orange zest honey butter orange juice,french
quail raisins dry white wine garlic cloves fennel bulb extra-virgin olive oil lemongrass shallots cinnamon sticks,spanish
stock vegetable oil salt dashi caster soy sauce daikon shiso mirin extra large eggs,japanese
navy beans jalapeno chilies diced celery water italian salad dressing mix chopped cilantro fresh cider vinegar diced tomatoes red bell pepper olive oil garlic cloves sliced green onions,italian
dashi kombu dried bonito flakes water,japanese
water large garlic cloves dried currants feta cheese black pepper swiss chard olive oil salt,greek
kosher salt balsamic vinegar white miso freshly ground pepper sugar vegetable oil branzino fillets mirin mixed greens,japanese
green onions white sugar soy sauce garlic vegetable oil sesame seeds round steaks,chinese
ketchup avocado carbonated beverages fresh cilantro saltines cooked shrimp,mexican
barbecue sauce yellow onion prepared pizza crust boneless skinless chicken breasts sargento® traditional cut shredded mozzarella cheese vegetable oil,italian
chicken broth erythritol green onions red bell pepper fish sauce lemon grass garlic galangal kaffir lime leaves lime juice shallots coconut milk coconut oil mushrooms carrots chicken,thai
soy sauce dry sherry black bean sauce garlic green onions firm tofu olive oil ground pork,chinese
cider vinegar salt cherry tomatoes avocado extra-virgin olive oil pepper cucumber,mexican
tomatoes white wine whole milk ice water salt asparagus tips nutmeg fresh chives zucchini butter artichokes tuna black peppercorns pepper spring onions portabello mushroom all-purpose flour medium eggs capers water watercress heavy cream allspice berries,british
chives short-grain rice nori dashi fine sea salt yellowtail,japanese
tomatillo salsa corn tortillas cumin avocado garlic onions cilantro pork shoulder black pepper salt dried oregano,mexican
black beans olive oil chili powder tortilla chips cheddar cheese store bought low sodium chicken stock chipotle cilantro leaves dried oregano avocado kosher salt ground black pepper garlic sour cream ground chicken cherry tomatoes jalapeno chilies cayenne pepper ground cumin,mexican
unsalted butter fresh lemon juice black pepper shell-on shrimp white sandwich bread minced onion cooked shrimp cayenne salt,southern_us
coriander seeds salt milk vegetable oil boiling water cauliflower tamarind pulp coconut cream chickpea flour chili powder mustard seeds,indian
green bell pepper ground black pepper worcestershire sauce celery tomatoes water cajun seasoning salt onions chicken stock louisiana hot sauce boneless skinless chicken breasts garlic ghee andouille sausage bay leaves white rice medium shrimp,cajun_creole
sake daikon arame white miso konbu water scallions lemon cucumber himalayan salt carrots,japanese
ground cloves eggplant grated parmesan cheese plain breadcrumbs cinnamon sticks kosher salt large egg yolks diced tomatoes all-purpose flour bay leaf tomato paste olive oil unsalted butter garlic ground allspice ground lamb milk ground black pepper dry red wine grated nutmeg onions,greek
back bacon rashers vegetable oil green pepper chillies eggs water garlic long-grain rice red chili peppers lemon green chilies onions dark soy sauce spring onions salt red bell pepper,chinese
avocado sriracha cooked quinoa water creamy peanut butter rice paper romaine lettuce red pepper noodles lime gluten-free tamari,thai
"chicken broth green onions salt bok choy soy sauce wonton wrappers fresh mushrooms eggs sesame oil dry bread crumbs snow peas ground black pepper ground pork uncook medium shrimp, peel and devein",chinese
creole mustard fresh parsley mayonaise garlic horseradish sliced green onions,cajun_creole
fresh ginger paprika garlic cloves fresh lemon ground coriander ground turmeric jalapeno chilies salt chopped cilantro fresh vegetable oil catfish,indian
vegetables basil basil pesto sauce aioli cooked shrimp prosciutto mozzarella balls sun-dried tomatoes salami,italian
sweetened condensed milk butter cocoa powder,brazilian
black beans enchilada sauce pasilla pepper corn mexican cheese pork rice roasted tomatoes corn chips sour cream,mexican
oyster sauce chopped cilantro fresh chinese noodles ground white pepper shrimp sliced green onions fat skimmed chicken broth toasted sesame oil,chinese
boneless skinless chicken breasts milk condensed cream of mushroom soup fettuccine pasta butter grated parmesan cheese broccoli,italian
leeks soft fresh goat cheese olive oil chopped fresh sage kosher salt butter hazelnuts butternut squash heavy whipping cream,french
minced garlic baking powder chopped onion monterey jack lager beer coarse salt sour cream safflower oil unsalted butter all-purpose flour poblano chiles corn kernels lime wedges freshly ground pepper,mexican
tomatoes extra-virgin olive oil juice romaine lettuce green pepper cucumber capers purple onion feta cheese crumbles vinaigrette dressing kalamata lemon juice dried oregano,greek
water dill sugar buttermilk onions red beets cucumber boiled eggs salt,russian
baking soda butter yellow corn meal flour salt large eggs buttermilk sugar baking powder,southern_us
salt caster sugar plain flour juice butter,irish
brown sugar herbs rice vinegar beansprouts garlic paste boneless chop pork lettuce leaves english cucumber spring roll wrappers warm water hoisin sauce creamy peanut butter fish sauce lime garlic red bell pepper,vietnamese
honey baking powder sharp cheddar cheese unsalted butter bacon slices baking soda buttermilk bread flour melted butter chopped fresh chives salt,southern_us
turbinado ground nutmeg sea salt red bell pepper olive oil potatoes cayenne pepper onions fresh spinach zucchini garlic celery fresh ginger root vegetable stock ground allspice ground turmeric,jamaican
white vinegar olive oil butter chicken fingers chicken stock garam masala yellow onion black pepper hot pepper sauce apricot preserves lime zest garlic powder salt,indian
ginger juice minced garlic green onions soy sauce sesame salt chili powder pepper pork ribs sesame oil sugar chili paste rice wine,korean
olive oil grated parmesan cheese frozen spinach lasagne passata eggplant mushrooms pinenuts roasted red peppers ricotta,italian
ground black pepper parsley fat free cream cheese french bread non-fat sour cream green onions reduced fat swiss cheese grated parmesan cheese garlic fat-free mayonnaise,italian
black pepper cannellini beans roasted garlic seasoning kale extra-virgin olive oil fat free less sodium chicken broth diced tomatoes italian bread sundried tomato paste dried thyme salt,italian
sheep’s milk cheese champagne vinegar dijon mustard mixed greens honey extra-virgin olive oil dried tart cherries ground white pepper,french
porcini fresh thyme garlic cloves sourdough loaf crust flat leaf parsley duck fat fine sea salt squabs confit fresh lemon juice,italian
boneless chop pork palm sugar shrimp fish sauce lime juice vegetable oil chopped cilantro fresh soy sauce unsalted roasted peanuts garlic wide rice noodles water radishes beansprouts,thai
canned black beans bell pepper diced tomatoes long-grain rice diced onions lime spices salt canned corn lettuce water boneless skinless chicken breasts cilantro sour cream tomato paste olive oil butter scallions,mexican
aged gouda soppressata,italian
tomato paste pepper dry white wine garlic cloves boiling water black pepper grated parmesan cheese salt boneless skinless chicken breast halves dried porcini mushrooms sun-dried tomatoes purple onion fresh parsley chicken broth olive oil artichokes fresh lemon juice,italian
lime green beans red chili peppers cilantro leaves onions brown sugar vegetable oil thai green curry paste jasmine rice coconut cream beef steak,thai
olive oil salt chopped parsley fresh rosemary fresh thyme leaves lemon juice onions minced garlic yellow bell pepper feta cheese crumbles ground lamb mint leaves fat skimmed chicken broth couscous,greek
biscuits lump crab meat bay leaves diced celery diced onions vegetable juice seafood seasoning vegetable broth applewood smoked bacon red potato corn kernels diced tomatoes red bell pepper green bell pepper ground black pepper paprika flat leaf parsley,southern_us
ground cinnamon semisweet chocolate large egg whites all-purpose flour unsalted butter pepitas sugar salt,mexican
hot red pepper flakes balsamic vinegar fresh basil leaves pasta prosciutto garlic cloves capers finely chopped onion juice olive oil anchovy fillets,italian
fat free less sodium chicken broth dry white wine fresh lemon juice capers olive oil butter black pepper broccoli rabe lemon slices seasoned bread crumbs chicken cutlets fresh parsley,italian
bell pepper cream of chicken soup onions ground meat rice,cajun_creole
sugar crushed red pepper garlic cloves fresh basil red cabbage salt chopped fresh mint water purple onion fresh lime juice fish sauce vegetable oil dark sesame oil serrano chile,thai
vegetable oil corn flour salt warm water wheat flour,mexican
wheat bran salt low-fat buttermilk flax seed meal whole wheat flour all-purpose flour molasses baking powder,irish
jicama seasoned rice wine vinegar soba mustard greens scallions salt red bell pepper sesame oil english cucumber,japanese
manicotti shells green onions shredded monterey jack cheese water ground beef picante sauce sour cream ground cumin refried beans dried oregano,mexican
saffron threads olive oil dry white wine grape tomatoes parmigiano reggiano cheese salt fresh rosemary unsalted butter orzo black pepper veal chops garlic cloves,italian
white onion russet potatoes chopped cilantro fresh large eggs coarse kosher salt vegetable oil ancho chile pepper ground black pepper watercress masa,mexican
grated parmesan cheese extra-virgin olive oil pepper red wine vinegar fresh oregano oil cured olives green onions salt garbanzo beans pasta rotel fresh parsley,italian
parmesan cheese garlic pasta water chicken broth boneless skinless chicken breasts salt onions unsalted butter cooking wine fresh parsley pepper heavy cream sliced mushrooms,italian
unsalted butter vegetable oil sausages green bell pepper jalapeno chilies grated jack cheese large eggs worcestershire sauce onions water quickcooking grits scallions,southern_us
amchur chillies water salt cumin mint leaves coriander tamarind black salt,indian
parmigiano reggiano cheese crusty bread parsley eggs marinara sauce mozzarella cheese,italian
fresh rosemary yellow bell pepper anchovy fillets whole milk salt red bell pepper unsalted butter extra-virgin olive oil brine-cured black olives baking powder all-purpose flour onions,french
turnips white miso sesame oil sake potatoes garlic dashi green onions carrots seasoning pork chops ginger,japanese
ketchup honey tabasco pepper sauce freshly ground pepper onions kosher salt unsalted butter heavy cream thyme extra sharp cheddar cheese molasses ground black pepper vegetable oil garlic cloves grits chicken broth cider vinegar bourbon whiskey cayenne pepper chopped parsley large shrimp,southern_us
fresh tomatoes diced tomatoes onions olive oil garlic tomato sauce uncooked rigatoni fresh basil grating cheese salt,italian
chicken bouillon garlic long grain white rice tomatoes jalapeno chilies onions green bell pepper vegetable oil chopped cilantro fresh chicken broth pepper salt ground cumin,mexican
russet potatoes cornmeal flour salt fish fillets old bay seasoning vegetable oil beer,british
"seasoning lime juice green bell pepper, slice lime wedges salt red bell pepper sugar garlic powder chili powder diced tomatoes shredded cheese onions red chili powder orange bell pepper flour tortillas shredded lettuce salsa sour cream black pepper beef onion powder paprika corn starch ground cumin",mexican
eggs rolls butter cinnamon sugar sugar cream cheese vanilla,mexican
water salt ground cinnamon golden delicious apples all-purpose flour sugar butter large eggs crème fraîche,french
chicken legs lemon onions chicken stock olive oil carrots ground ginger cinnamon couscous tumeric paprika,moroccan
savoy cabbage green onions rice vinegar reduced sodium chicken broth coarse salt soy sauce wonton wrappers toasted sesame oil peeled fresh ginger ground pork,chinese
soy sauce green onions salt cucumber pepper flakes sesame seeds garlic gochujang base pears rice syrup ginger corn syrup onions eggs bosc pears buckwheat noodles mustard powder,korean
urad dal jalapeno chilies cumin seed curry leaves salt ginger canola oil,indian
hoisin sauce salt sesame oil scallions flour duck water ginger chinese five-spice powder,chinese
shredded cheddar cheese vegetable shortening smithfield ham baking powder salt butter all-purpose flour green onions buttermilk,southern_us
arborio rice ground black pepper onions sun-dried tomatoes vegetable stock dried thyme zucchini fresh basil leaves freshly grated parmesan butter,italian
salt chopped cilantro jalapeno chilies fresh lemon juice large garlic cloves hass avocado cumin seed onions,mexican
mccormick parsley flakes old bay seasoning eggs milk salt bread lump crab meat worcestershire sauce mayonaise baking powder,southern_us
salad water cooking spray paprika garlic cloves long grain white rice black pepper hot pepper sauce ground red pepper chopped onion chicken livers kosher salt chopped green bell pepper chopped fresh thyme ground coriander boneless skinless chicken breast halves lower sodium chicken broth olive oil green onions chopped celery smoked paprika ground cumin,cajun_creole
unsalted butter salt whole wheat flour baking powder canola oil sugar reduced fat milk frozen blueberries peaches vanilla extract,southern_us
olive oil garlic cloves pinenuts baking potatoes water pitted olives capers fresh thyme fresh parsley,spanish
arborio rice olive oil brie cheese reduced sodium chicken broth dry white wine cauliflower water florets sliced almonds unsalted butter thyme sprigs,italian
butter lettuce gluten-free hoisin sauce green onions garlic shrimp toasted sesame seeds salad soy sauce honey cilantro edamame ground cayenne pepper fish sauce toasted cashews fresh ginger crushed red pepper flakes carrots fresh lime juice avocado red chili peppers curry powder sesame oil rice vinegar red bell pepper,vietnamese
cold water ground black pepper sesame oil toasted sesame seeds sugar mirin garlic cloves low sodium soy sauce asian pear russet potatoes short rib shiitake green onions carrots,korean
sambal ulek soy sauce shaoxing wine garlic lemon juice tomato sauce pork ribs sesame oil chinese five-spice powder brown sugar sesame seeds shallots salt coriander red chili peppers hoisin sauce ginger oyster sauce,chinese
salt egg whites margarine baking powder greek yogurt milk all-purpose flour,italian
yellow corn meal skim milk maple syrup eggs sweet potatoes ground allspice ground cinnamon pepper margarine vegetable oil cooking spray salt,southern_us
lemongrass garlic coconut vinegar ground black pepper margarine lemon soda annatto oil salt lemon juice brown sugar ginger sauce chicken,filipino
string beans garlic ground beef potatoes fat pepper salt onions egg roll wraps carrots,filipino
ground pepper garlic safflower oil green onions soy sauce large eggs frozen peas steamed rice sea salt,chinese
penne garlic eggplant lemon juice olive oil salt ground black pepper fresh parsley,italian
cold water dry white wine fish fillets chopped onion olive oil fresh parsley tomatoes large garlic cloves,italian
water cajun seasoning yellow onion shrimp white wine bay leaves heavy cream crystal farms butter smoked paprika crystal farms shredded gouda cheese whole milk worcestershire sauce creole seasoning thyme kosher salt vegetable oil garlic lemon juice grits,southern_us
mint large eggs heavy cream berries ground cinnamon ground nutmeg whole milk salt grated lemon peel melted butter granulated sugar baking powder all-purpose flour figs graham cracker crumbs sprinkles confectioners sugar,british
olive oil zinfandel boiling onions fresh marjoram shallots all-purpose flour chopped fresh chives butter garlic cloves chicken stock crimini mushrooms bacon chicken thighs,french
finely chopped onion garlic oscar mayer bacon chopped cilantro fresh jalapeno chilies philadelphia cream cheese cheese,mexican
campbell's condensed tomato soup chunky salsa flour tortillas shredded cheddar cheese ground beef milk,mexican
kosher salt red wine vinegar chicken breasts cumin lime garlic black pepper chili powder,mexican
sugar chinese five-spice powder white pepper pork belly mustard sea salt,chinese
minced ginger dark sesame oil brussels sprouts salt garlic cloves hoisin sauce peanut oil soy sauce seasoned rice wine vinegar onions,chinese
ground nutmeg salt red pepper ground cumin chili powder cayenne pepper garlic powder paprika,mexican
tomato paste beef bouillon granules deli ham fresh parsley tenderloin roast beef consomme all-purpose flour milk shallots fresh mushrooms madeira frozen pastry puff sheets butter,irish
large eggs whipping cream ground nutmeg chopped fresh chives all-purpose flour grated parmesan cheese salt ground black pepper russet potatoes crumbled gorgonzola,italian
lime crushed ice simple syrup cachaca,brazilian
blanched almond flour sea salt tapioca flour warm water mild olive oil,mexican
white vinegar ground black pepper salt sugar vegetable oil onions water red pepper allspice chicken wings fresh thyme garlic cloves,jamaican
parsnips salt fresh parsley celery ribs guinness beer chopped onion turnips dried thyme beef broth beef roast tomato paste butter carrots,irish
fontina cheese russet potatoes eggs all-purpose flour ground nutmeg spinach leaves butter,italian
tomato paste orange extra-virgin olive oil lamb shanks bay leaves low salt chicken broth clove dried porcini mushrooms dry red wine polenta rosemary sprigs finely chopped onion hot water,italian
garlic powder red bell pepper canola oil celery ribs cayenne pepper long grain white rice salt frozen peas dried thyme fatfree lowsodium chicken broth large shrimp,cajun_creole
olive oil onions greek seasoning feta cheese crumbles brown rice chicken stock red bell pepper,greek
fresh mexican cheese chicken breasts chopped cilantro salsa verde salt cream epazote onions tortillas oil,mexican
chicken breasts parmesan cheese hellmann''s light mayonnaise chili powder crumbs,mexican
kosher salt cinnamon onions boneless chicken skinless thigh chili powder cilantro leaves brown sugar lime juice garlic ground cumin black pepper vegetable oil corn tortillas,mexican
olive oil flat leaf parsley grated parmesan cheese garlic cloves chopped tomatoes spaghetti,italian
ground cinnamon raisin bread milk large eggs ground nutmeg sweetened coconut flakes light brown sugar bananas vanilla extract,southern_us
large eggs chili powder fresh lime juice ground cinnamon jalapeno chilies salt ground cumin chopped almonds ground pork chipotle salsa refrigerated buttermilk biscuits golden raisins sour cream,spanish
fresh basil green onions garlic salt ground black pepper salt plum tomatoes olive oil garlic boneless skinless chicken breast halves grated parmesan cheese lemon juice,italian
dried apricot ground coriander chopped fresh mint ground black pepper salt couscous olive oil purple onion leg of lamb ground cumin large garlic cloves fresh lemon juice grated lemon peel,moroccan
pearl onions chives light margarine boneless chicken breast lemon pepper garlic powder all-purpose flour fresh parsley white wine mushrooms thyme,french
sliced black olives peeled shrimp chopped cilantro fresh shredded cheddar cheese flour tortillas red bell pepper tomatoes chopped green bell pepper salsa sweet onion chopped fresh chives sour cream,mexican
pepper ground thyme salt onions soy sauce ground black pepper garlic gingerroot ground cloves green onions malt vinegar oil ground cinnamon ground nutmeg lemon ground allspice pork butt,jamaican
vidalia onion ground black pepper extra-virgin olive oil kosher salt parmigiano reggiano cheese garlic cloves pinenuts zucchini penne pasta water basil leaves heavy whipping cream,french
olive oil fine sea salt eggs chopped fresh chives greek yogurt parmesan cheese crème fraîche capers lemon corn tortillas,mexican
yukon gold potatoes chutney unsalted butter cumin seed garam masala phyllo frozen peas coriander seeds vegetable oil onions,indian
honey garlic fresh mint fish sauce fresh ginger root shrimp olive oil dried rice noodles chopped cilantro fresh lime shredded cabbage ground white pepper,vietnamese
"chili powder enchilada sauce reduced sodium chicken broth canned chicken breast white rice monterey jack jalapeno chilies whole kernel corn, drain",mexican
leeks crème fraîche chicken red potato shallots carrots dry white wine fresh lemon juice unsalted butter vegetable oil flat leaf parsley,french
sugar extra-virgin olive oil tomatoes italian eggplant chopped onion celery ribs kosher salt white wine vinegar capers sicilian olives juice,italian
soy sauce cilantro ground black pepper tomatoes onions,filipino
capers olive oil mint sprigs peasant bread italian parsley leaves boneless skinless chicken breast halves water red wine vinegar all-purpose flour minced garlic ground black pepper salt,italian
water chopped celery carrots ground black pepper baking mix frozen peas milk salt onions condensed cream of chicken soup potatoes poultry seasoning boneless skinless chicken breast halves,irish
tomatoes olive oil whole milk grated nutmeg onions ground cloves unsalted butter large garlic cloves juice bread crumb fresh parmigiano reggiano cheese all-purpose flour thyme sprigs ground cinnamon large egg yolks ziti ground allspice ground lamb,greek
mint leaves cucumber navel oranges ginger ale apples lemon ice,irish
penne pasta grated parmesan cheese fresh basil leaves pasta sauce shrimp heavy cream,italian
tandoori spices ginger methi nutmeg crushed garlic curds garam masala salt chicken legs butter lemon juice,indian
fish sauce regular soy sauce soy sauce beef rump lemongrass brown sugar thai chile,vietnamese
garlic powder kraft grated parmesan cheese pasta peas oscar mayer bacon milk philadelphia cream cheese,italian
unsalted butter extra-virgin olive oil water polenta sea salt,italian
avocado quinoa fine sea salt water sweet potatoes corn tortillas honey green onions ground cumin black beans tahini fresh lemon juice,mexican
soy sauce vegetable oil chopped cilantro fresh tofu peanuts beansprouts lime garlic eggs rice noodles white sugar,thai
stevia minced onion fresh lemon juice liquid aminos cayenne pepper apple cider vinegar cucumber,japanese
water olive oil cilantro leaves cumin celery ribs crushed tomatoes sea salt brown lentils curry powder fresh ginger yellow onion plain yogurt lime garlic coconut milk,indian
chicken broth water dry white wine all-purpose flour canola oil bone-in chicken breast halves garlic powder chicken drumsticks cayenne pepper celery ribs jasmine rice green onions smoked sausage boiling water green bell pepper olive oil cajun seasoning yellow onion,cajun_creole
granulated garlic chili powder creole seasoning ground red pepper dry mustard kosher salt onion powder dark brown sugar ground black pepper paprika ground cumin,southern_us
avocado olive oil non-fat sour cream fresh lime juice kosher salt chili powder garlic cloves chopped cilantro fresh sugar ground red pepper chopped onion medium shrimp cider vinegar tomatillos corn tortillas serrano chile,mexican
ginger dried minced onion red lentils cayenne pepper salt ground turmeric vegetable oil cumin seed,indian
water garlic sliced mushrooms chile pepper orange juice boneless skinless chicken breast halves tomatoes vegetable oil sliced ham dried oregano fresh cilantro salt onions,mexican
anchovy fillets capers light tuna extra-virgin olive oil niçoise olives,french
minced garlic diced tomatoes red enchilada sauce black beans jalapeno chilies frozen corn fresh lime juice quinoa vegetable broth sour cream shredded cheddar cheese butternut squash taco seasoning chopped cilantro,mexican
fresh ginger shrimp kosher salt vegetable oil sugar chili powder water large garlic cloves,chinese
black pepper garnish dried navy beans celery diced onions wheat berries diced tomatoes carrots fresh parsley parsley sprigs olive oil salt thyme dried rosemary water fresh parmesan cheese garlic cloves bay leaf,italian
lime juice salt avocado cilantro jalapeno chilies romano cheese purple onion,mexican
soy sauce red pepper flakes ground ginger sesame oil garlic green onions white rice brown sugar vegetable oil ground beef,korean
ground cloves ground coriander ground ginger ground black pepper ground nutmeg ground turmeric ground cinnamon ground allspice,moroccan
olive oil kosher salt fresh lime juice cilantro leaves,mexican
polenta prepar shallots gruyere cheese chicken broth chicken breast halves whipping cream asparagus spears prosciutto butter salt mushrooms dry sherry all-purpose flour,italian
golden brown sugar baking powder all purpose unbleached flour yellow corn meal unsalted butter coarse salt baking soda roasted chestnuts buttermilk honey large eggs chopped fresh thyme,southern_us
hash brown green pepper onions stewed tomatoes taco seasoning red pepper cream cheese chopped green chilies shredded sharp cheddar cheese ground beef,mexican
milk corn starch cocoa powder white sugar,italian
light corn syrup candy food paste color,french
black pepper crushed red pepper flakes sun-dried tomatoes penne pasta olive oil garlic grated parmesan cheese dried parsley,italian
sugar bananas vanilla milk,mexican
olive oil chopped garlic canned low sodium chicken broth salt fettucine grated parmesan cheese pinenuts fresh basil leaves,italian
scallions mushrooms water varnish clams miso,japanese
sugar flour peaches butter milk cinnamon tortillas vanilla extract,mexican
shallots black pepper white wine vinegar dijon mustard salt extra-virgin olive oil,french
salsa verde lime salt avocado garlic honey fresh herbs,mexican
urad dal rice flour black peppercorns cumin seed ghee curry leaves salt asafoetida powder ravva oil,indian
egg whites white sugar sliced almonds vanilla extract eggs baking powder dried cranberries baking soda all-purpose flour,italian
low-fat coconut milk lime juice bell pepper diced tomatoes frozen corn canola oil brown sugar fresh ginger parsley garlic celery fish sauce lemongrass bay leaves thai red curry paste carrots chicken black peppercorns water thai basil lemon salt onions,thai
chicken stock water chestnuts ginger oyster sauce canola oil soy sauce dry sherry rice vinegar corn starch eggs sesame oil garlic shrimp salt and ground black pepper ground pork scallions beansprouts,chinese
chinese rice wine minced ginger lettuce leaves chinese hot mustard oyster sauce chopped cilantro fresh kosher salt large eggs sesame oil chili sauce shrimp soy sauce ground black pepper green onions ground pork carrots steamer water chestnuts wonton wrappers soy marinade corn starch,chinese
red chili peppers coriander seeds lemon oil ground turmeric curry leaves coconut fenugreek garlic mustard seeds fish fennel seeds water coriander powder ginger lemon juice asafetida tomatoes tamarind chili powder salt onions,indian
olive oil tortilla chips shredded cheddar cheese purple onion fresh parsley tomatoes guacamole sour cream lime salt,mexican
milk all-purpose flour butter pepper salt parmesan cheese,southern_us
superfine sugar baking powder black pepper unsalted butter all-purpose flour baking soda salt milk chives sour cream,southern_us
corn kernels coarse salt juice reduced sodium chicken broth ground pepper tortilla chips olive oil diced tomatoes fresh lime juice black beans chili powder garlic cloves,mexican
shredded cheddar cheese salsa iceberg lettuce tomatoes sliced black olives lemon juice hot pepper sauce cream cheese soy sauce green onions sour cream,mexican
black pepper grated parmesan cheese coarse salt italian seasoning olive oil whole milk garlic mozzarella cheese flour butter rigatoni nutmeg artichoke hearts boneless skinless chicken breasts yellow onion,italian
olive oil miso water coriander seeds tomatoes fresh ginger garlic cloves lemongrass shallots,japanese
vanilla powdered sugar lemon juice cream cheese butter,southern_us
unsalted butter fettucine pancetta flat leaf parsley parsnips,italian
kosher salt ground black pepper chopped onion tomato paste olive oil red wine vinegar whole wheat fettuccine minced garlic ground sirloin fresh basil leaves tomatoes eggplant red wine,italian
fresh marjoram goat cheese castellane red bell pepper cherry tomatoes hot italian sausages extra-virgin olive oil onions,italian
mayonaise liquid boneless skinless chicken breast halves avocado olive oil fresh lime juice ground cumin black beans grate lime peel monterey jack tomatoes cayenne pepper french rolls,mexican
fresh basil ground black pepper chopped fresh thyme jumbo pasta shells mozzarella cheese marinara sauce garlic fresh spinach large eggs red pepper flakes parmesan cheese ricotta cheese salt,italian
cajun seasoning hot pepper sauce garlic powder sliced mushrooms rib roast,cajun_creole
chicken breasts grated parmesan cheese gluten free blend black pepper paprika egg whites,italian
salt and ground black pepper purple onion fresh basil red wine vinegar fresh rosemary bone in skinless chicken thigh arugula figs cheese,italian
water dry red wine arborio rice grated parmesan cheese onions sage leaves olive oil fresh parsley dried porcini mushrooms large garlic cloves,italian
whole wheat pasta garlic onions bell pepper enchilada sauce mexican seasoning mix light cream cheese butter shrimp,mexican
egg substitute butter plum tomatoes grated parmesan cheese cream cheese artichoke hearts hot sauce sliced green onions pepper cooking spray garlic cloves,italian
honey cooking spray salt garlic cloves dried porcini mushrooms ground nutmeg dry red wine chickpeas flat leaf parsley water ground black pepper vegetable broth chopped onion shiitake mushroom caps warm water olive oil button mushrooms all-purpose flour corn starch,french
unsalted butter country ham crust asparagus chopped garlic white bread heavy cream,southern_us
potatoes onions carrots beef brisket cabbage,irish
mini chocolate chips flour mini marshmallows peanut butter,mexican
large eggs provolone cheese arugula cracked black pepper ham fresh basil salt italian bread butter balsamic vinaigrette,italian
kosher salt jalapeno chilies carrots pepper sauce taco seasoning mix greek style plain yogurt dried minced onion condensed cream of chicken soup flour tortillas enchilada sauce water asadero ground turkey,mexican
ground cinnamon parsley salt onions warm water diced tomatoes garlic cloves mild curry powder butter peanut oil beef stew paprika coconut milk,indian
brown sugar chili powder garlic curry powder raisins mustard seeds peaches ginger pickling spices apple cider vinegar chopped onion,indian
black pepper sesame oil granulated sugar scallions light soy sauce teriyaki sauce brown sugar beef garlic cloves,korean
kosher salt sriracha garlic chili sauce ground ginger olive oil ramen noodles kale green onions black pepper shiitake vegetable stock,japanese
basil leaves yellow onion red bell pepper water sesame oil oyster sauce garlic powder garlic green beans fish sauce flank steak garlic chili sauce,thai
tumeric cooking oil salt ground beef ground cumin fresh ginger cinnamon lemon juice petite peas ground black pepper garlic chopped cilantro boiling potatoes plain yogurt whole milk ground coriander onions,indian
lime salt tomatoes jalapeno chilies ground black pepper chopped cilantro fresh white onion garlic,mexican
water egg whites glaze unsalted butter salt superfine sugar vegetable oil large eggs all-purpose flour,french
olive oil chipotles in adobo stewed tomatoes chicken meat onions tostada shells sour cream,mexican
kosher salt dried oregano ground black pepper diced tomatoes extra-virgin olive oil,italian
water waxy potatoes tumeric cumin seed fresh coriander oil salt,japanese
black pepper part-skim mozzarella cheese extra-virgin olive oil red bell pepper pepper finely chopped fresh parsley salt sugar artichoke hearts mushrooms garlic cloves cider vinegar asparagus pitted olives dried oregano,italian
black pepper heavy cream large eggs puff pastry fresh thyme leaves feta cheese flour for dusting,greek
fresh chives grated parmesan cheese white mushrooms unsalted butter salt plum tomatoes haricots verts fresh peas bow-tie pasta ground black pepper half & half asparagus tips,italian
dried thyme finely chopped onion garlic cloves water ground black pepper salt red bell pepper arborio rice fresh parmesan cheese vegetable broth green beans saffron threads olive oil dry white wine fresh lemon juice,italian
radicchio fresh lemon juice penne extra-virgin olive oil fresh basil lemon zest arugula mozzarella cheese garlic cloves,italian
seedless green grape garlic cucumber water salt sliced almonds white wine vinegar onions country white bread olive oil shrimp,spanish
sugar peanuts pork tenderloin thai chile beansprouts water sriracha green leaf lettuce cilantro leaves warm water ground black pepper basil leaves garlic fresh mint fish sauce lime juice shredded carrots rice vermicelli english cucumber,vietnamese
"curry powder cooked shrimp flaked coconut green onions cream cheese, soften",indian
dry white wine leaf parsley greek yogurt mussels shallots olive oil,greek
corn kernels chopped fresh thyme flat leaf parsley large eggs grated nutmeg sugar whole milk cayenne pepper unsalted butter salt,southern_us
chicken broth cayenne pepper paprika garlic pepper seasoning kale rice salt dried oregano,cajun_creole
lime salt chipotle peppers sugar extra firm tofu pinto beans canola oil avocado poblano peppers long-grain rice adobo sauce fresh cilantro purple onion fresh tomato salsa,mexican
water cilantro cinnamon sticks canola oil clove fresh ginger root salt onions kidney beans garlic bay leaf black peppercorns red pepper cardamom pods plum tomatoes,indian
fish fillets shredded lettuce garlic cloves avocado lime wedges salsa onions unsalted butter salt corn tortillas tomatoes vegetable oil freshly ground pepper,mexican
dried basil paprika vegetable oil cooking spray garlic powder margarine catfish fillets dried thyme salt black pepper ground red pepper,cajun_creole
